filename, off, on
88_jpg.rf.d1f5960903fa87dbe604c7edc9da6da4.jpg, 1, 0
49_jpg.rf.d427177c98a23486a5d7344fbc4d4abf.jpg, 0, 1
34_jpg.rf.d22b39043a51871bacb79f118b76aa1e.jpg, 1, 0
59_jpg.rf.dc59953c0a9903509a2c904932d72650.jpg, 1, 0
127_jpg.rf.d504944957b9c522ecc4ac127cf6fd54.jpg, 0, 1
72_jpg.rf.dab83d4d01f57fdce9fe9724ada94c89.jpg, 0, 1
77_jpg.rf.dd93d1565184dfeb2be37b2542dae654.jpg, 1, 0
57_jpg.rf.d1f43f792b2844e00a71cbc8b512bf34.jpg, 1, 0
85_jpg.rf.d530a67db86067188207b37faabe6310.jpg, 1, 0
36_jpg.rf.dcd5f54ac777255bc367ad315958fded.jpg, 1, 0
75_jpg.rf.d38629d2d1453377e7a135ce3d514687.jpg, 0, 1
15_jpg.rf.ddda62f10108063b884c742fa101a866.jpg, 1, 0
113_jpg.rf.d83885ad4c290c793acf0bee75cc7b47.jpg, 1, 0
66_jpg.rf.dbe767d2f573e8975a52bb5a20000703.jpg, 1, 0
98_jpg.rf.d8d70b42b66824ae05472d16c19d3970.jpg, 1, 0
119_jpg.rf.de0eb1373e5d317d871e08504f2f22dc.jpg, 1, 0
11-92-_jpg.rf.d72015a4bba14a77ec966714bcb094aa.jpg, 0, 1
143_jpg.rf.d58c9759e43c27e65c94e3d812b995fd.jpg, 1, 0
130_jpg.rf.d40af3bb66ddc8e45a370c9fe349b382.jpg, 0, 1
19_jpg.rf.dd104413d4bc6972ca48da46dceff612.jpg, 1, 0
28_jpg.rf.d7f0da1622dce56e88987820e0d2b41c.jpg, 1, 0
11-65-_jpg.rf.df685b00e2ba8813e21275884f8524b5.jpg, 0, 1
141_jpg.rf.dcc83d0bf8bbb332e98abf3bf57afc54.jpg, 1, 0
97_jpg.rf.df9c5720744573f44f4cb2de88641a35.jpg, 1, 0
121_jpg.rf.d8e7e96c97a17e3302d59779fd599569.jpg, 1, 0
72_jpg.rf.d997d521f60053a8525522e32547820a.jpg, 0, 1
81_jpg.rf.de27e3ba09d5250c27b0a22daa33bc7d.jpg, 1, 0
11-4-_jpg.rf.dfda83b374a732c4a4729f4f8f2a0b33.jpg, 0, 1
107_jpg.rf.d963a42d2cd2db167f04c2a18cbe4349.jpg, 1, 0
67_jpg.rf.e0c669803b08149f245e5b7771f9ba5b.jpg, 1, 0
11-1-_png.rf.e07adc2f353dd552cf35913278ee404a.jpg, 0, 1
11_jpg.rf.e272bd2303aad9cb9f1af4376f41ae0f.jpg, 1, 0
137_jpg.rf.dfb803487ae3fe4d56454333843ecb1b.jpg, 1, 0
142_jpg.rf.e4a30cc03133751364aa554eafb53829.jpg, 1, 0
11-34-_jpg.rf.e18d045403d7c567c65ffa95927cd537.jpg, 1, 0
11-42-_jpg.rf.e0f40752c0c33eeedd45f07e2620359e.jpg, 1, 0
11-43-_jpg.rf.e2995664d54bbc40662a565e0b330b87.jpg, 0, 1
11-55-_jpg.rf.e0faaf4f39c4eb6db9f89733f2c6d9cd.jpg, 1, 0
05_jpg.rf.e1f42b75075a3344cdc447cc2f638c2c.jpg, 0, 1
22_jpg.rf.e33aed3ec2f0c8984e11caca7f7166e1.jpg, 1, 0
10_jpg.rf.e3db24bdca018bd982db2cf60a5849ee.jpg, 1, 0
11-67-_jpg.rf.e568377aa11b62b33ee467f7e4d4cfd8.jpg, 0, 1
93_jpg.rf.e44bdf8a1f478df0a9f1c5fcc164dc29.jpg, 1, 0
11-65-_jpg.rf.de374ef53995006572c50e5d3f616da1.jpg, 0, 1
33_jpg.rf.e64b8043e9f509390c0245ccbf947114.jpg, 1, 0
11-1-_jpg.rf.e5288ff766ae8794e7dd1cc4108c8761.jpg, 1, 1
11-30-_jpg.rf.e4b2a248af6efa4f7b7233a89e9fcbe7.jpg, 1, 0
111_jpg.rf.e6dee3ed7475f65d989accd2e2d5077e.jpg, 1, 0
12_jpg.rf.e9dffac5b526addde1f75ba3aa1ec334.jpg, 1, 0
100_jpg.rf.e180afd90b0fe2e334d5dbdecbd81024.jpg, 1, 0
105_jpg.rf.e5695cea0899415afd8601121e292790.jpg, 1, 0
11-72-_jpg.rf.e90bc6ae0eb14b4379e90d5eea1556cd.jpg, 1, 0
26_jpg.rf.eb24bb7e1848c5bd4d547b9ef3b9fa0e.jpg, 1, 0
33_jpg.rf.eb1d9a1731d56448c7010df8917d5525.jpg, 1, 0
45_jpg.rf.e8437474204f2aaefb95de2766175136.jpg, 1, 0
115_jpg.rf.ec59907049771f89a8eb455b3f9e4bba.jpg, 1, 0
59_jpg.rf.e9c3a85514d67c125114921f2a0e2f0c.jpg, 1, 0
133_jpg.rf.e91ff1a4b5baae14f9d1b936535b3b10.jpg, 1, 0
11-69-_jpg.rf.e90b6d967847486139d21198dde8fbfa.jpg, 1, 0
100_jpg.rf.ebe36154a8badd0f38104b9df673887d.jpg, 1, 0
60_jpg.rf.ebee642690610be7661c2bd4d99ff614.jpg, 1, 1
117_jpg.rf.eb6e97ef0820ba1b5fc4713ec9df14fd.jpg, 1, 0
86_jpg.rf.ed161f00eae9e7818023ac77b77e947f.jpg, 1, 0
70_jpg.rf.eb86654d10b1835af2f6c0e2d1c00ae8.jpg, 1, 0
125_jpg.rf.e73dade8eabb73fe9d8b284bb2bf4403.jpg, 1, 0
29_jpg.rf.ed29face9fdb6146ad10a37cccf1308c.jpg, 0, 1
52_jpg.rf.ed157a7e15f0cb1a9a6d8b4167105a1f.jpg, 0, 1
63_jpg.rf.eeec41bb65726685f863257abb48fe7e.jpg, 1, 0
11-90-_jpg.rf.e2970b0edbe88d6cf03bcecaa1054b64.jpg, 0, 1
139_jpg.rf.ef940a24f341ac2e87430af54c6bcced.jpg, 1, 0
20_jpg.rf.ef6fff5e2fc4a946d056f1ddb95d672a.jpg, 1, 0
101_jpg.rf.f11759cc75343d25255e704dcc329626.jpg, 1, 0
120_jpg.rf.ef7f42bb0e5e5edd4c242830fdc75332.jpg, 1, 0
38_jpg.rf.f107252f5574c5477def7efb68fcb939.jpg, 1, 0
11-80-_jpg.rf.f191472edcb1c2ccc356392f0563420b.jpg, 0, 1
116_jpg.rf.f2aeb2959169eb5e8994d6fc67c3f8e4.jpg, 1, 0
11-76-_jpg.rf.f0e25dec9f3dfd40f09917afd10f389f.jpg, 0, 1
76_jpg.rf.f50a720944bfd0ecc16261a25da27308.jpg, 1, 1
140_jpg.rf.f1ed090467052d12ec14869ce6f5833c.jpg, 1, 0
11-61-_jpg.rf.efa75298f721ff5e480252583598f12b.jpg, 0, 1
40_jpg.rf.f2e9d66bf8ca597ce422c84f250d18b9.jpg, 1, 0
71_jpg.rf.f3a3b4a77bfbe90798038567ae586727.jpg, 0, 1
11-65-_jpg.rf.f443485841307d689cdc80bd7dfdad05.jpg, 0, 1
11-6-_jpg.rf.f3fb046017a4992fa09932dacc91d5dd.jpg, 1, 0
126_jpg.rf.f5f39a1cfc4b8b174ccb4efc7d29b435.jpg, 0, 1
95_jpg.rf.f35873e64d3a83be264935e22f851e81.jpg, 1, 0
79_jpg.rf.efaf2200f462ffd84c1bbe894ef430fa.jpg, 1, 0
114_jpg.rf.f031d3c5c3a072c891874faa69fd58f8.jpg, 1, 0
126_jpg.rf.f3cdf4581ef1f9b4a51e6c193f983aea.jpg, 0, 1
11-17-_jpg.rf.f507d381cf9fae4df45f2e0a3f5de3d6.jpg, 0, 1
13_jpg.rf.f1cc58c927635c3573c01e623515d258.jpg, 1, 0
11-88-_jpg.rf.f4a7902f73c3f0ca906ec03007009f45.jpg, 0, 1
107_jpg.rf.f7adfb2962e7c468d771c1f39e39864f.jpg, 1, 0
11-4-_jpg.rf.f7c09b0d2e4db256d1178ca8b9f1752b.jpg, 0, 1
58_jpg.rf.f4f270310d69a79fa9bb7831a1c3afef.jpg, 1, 0
45_jpg.rf.f7e32a44b292c2dff3d902a8f842ec75.jpg, 1, 0
80_jpg.rf.f68bb9629bb623d547b2cadc2f2cacd2.jpg, 1, 0
11-14-_jpg.rf.f84a5c1193825b650d9181a23bbe8f8b.jpg, 0, 1
11-58-_jpg.rf.f9cfe0ef072869214f1863b533c3a3ea.jpg, 0, 1
85_jpg.rf.fa665ea4298bb52b9cb335d0d01cd947.jpg, 1, 0
74_jpg.rf.fa6719e7459bdf078d398130ec879afe.jpg, 0, 1
94_jpg.rf.f5d3baed4eca7d7eb8c435d943a2eb80.jpg, 1, 0
11-27-_jpg.rf.fa42a6941e12b0e33eab2378f05ccf9b.jpg, 0, 1
30_jpg.rf.fc0c6c1f64c6029c43da63b0ee7ea615.jpg, 0, 1
89_jpg.rf.ff9bd7a7cb60061fcdf69e73b6038dd3.jpg, 1, 0
11-53-_jpg.rf.fe4ad529f5b9e94ee468d47d99081e0d.jpg, 0, 1
54_jpg.rf.fc0ca1ec24076a8847254cbfa1a889f4.jpg, 1, 1
142_jpg.rf.ff430945cc0914103deb42bbd5d6915c.jpg, 1, 0
48_jpg.rf.ff24ea6d970eee107a514eb9273cbde5.jpg, 1, 0
60_jpg.rf.fdd570d7b2862646368e49bb5c871ae2.jpg, 1, 1
40_jpg.rf.fdc599424476f6e624fe21151598d7c9.jpg, 1, 0
11-53-_jpg.rf.f8d192325d0cad714e219aa3fe7fe77b.jpg, 0, 1
82_jpg.rf.fc354e88d67a700e32a326a8b9306eb7.jpg, 1, 0
11-88-_jpg.rf.029ef9fdd3210868bbb1d204440bf54c.jpg, 0, 1
11-55-_jpg.rf.06623de45939fdf1c3cf27e95016a374.jpg, 1, 0
39_jpg.rf.00e2108e522a2830ad615af6d055ee4b.jpg, 1, 0
108_jpg.rf.0524bb03c598537df658be12e0c5fb3e.jpg, 1, 0
31_jpg.rf.0529ea03578fa9c5fd7c725d06ca871e.jpg, 0, 1
11-74-_jpg.rf.051e99af836b263835cfa5bc18ca1748.jpg, 0, 1
142_jpg.rf.0089baeb01042063c6e3b06a209e3fcc.jpg, 1, 0
96_jpg.rf.01455d2a4bda32fe16e93585adaaac41.jpg, 1, 0
48_jpg.rf.004e3860471386d54b1d82fe3b076c8e.jpg, 1, 0
124_jpg.rf.067b40876e1541a710896efc7f56abf2.jpg, 1, 0
83_jpg.rf.0650b1c120408fb709c77c5ffdd56037.jpg, 1, 0
11_jpg.rf.081818ec150ce6e25c8aff0dc4fc6171.jpg, 1, 0
65_jpg.rf.03b99c36a4506299f56e702d9bc1eeba.jpg, 1, 1
11-43-_jpg.rf.04013b7488ff544f99659203984f396a.jpg, 0, 1
11-30-_jpg.rf.056eb139a3c49480f3ac8aed905b10be.jpg, 1, 0
77_jpg.rf.087e8211f9c028ffe647da879a80ac92.jpg, 1, 0
11-61-_jpg.rf.0a717056a8b891a3f16e210fde39742c.jpg, 0, 1
39_jpg.rf.0d7e09ca8515ed8b160134cfa72161bc.jpg, 1, 0
81_jpg.rf.08ae97603ca17aed5342c7597b3cfab5.jpg, 1, 0
132_jpg.rf.0b8eb9ddb19c5c719d7fb52714f429e7.jpg, 1, 0
34_jpg.rf.036deec9e9d6eb79c46342d1476dcee4.jpg, 1, 0
11-10-_jpg.rf.0f6ee3b91c8a742996f81e9a09c8b89c.jpg, 1, 0
11-85-_jpg.rf.0abe212be935f9ae52cad94cfca11e93.jpg, 0, 1
11-69-_jpg.rf.0a51a457044c4b6ffc2eccd061576e7f.jpg, 1, 0
29_jpg.rf.0addf1974de96eebbb2b5f67d3f11623.jpg, 0, 1
68_jpg.rf.0dc4c5ad70ccc5eef3716d94663e6141.jpg, 1, 0
11-60-_jpg.rf.0ad4b97c8e30a6c02187ae8771233c98.jpg, 0, 1
11-62-_jpg.rf.0f28dd76983faf05700e85383f9869bb.jpg, 0, 1
143_jpg.rf.100d613164983cbde17f2bac288801c8.jpg, 1, 0
119_jpg.rf.08aa42262500ec1a1ec7054d652845ca.jpg, 1, 0
69_jpg.rf.11a5ccc3740d2015255c96100c36edee.jpg, 1, 0
42_jpg.rf.0bb23178aa2bb58b578f97e89197db5a.jpg, 1, 0
11-15-_jpg.rf.0faecf7c87dfb35fa68e84b015bc6c9b.jpg, 0, 1
138_jpg.rf.11d9965c1ba9bec5f09be04789cad876.jpg, 1, 0
11-52-_jpg.rf.106fee95bb27d454e2b0edd77ff368f5.jpg, 0, 1
11-12-_jpg.rf.12022439779fed669631314c532a7b2e.jpg, 0, 1
11-83-_jpg.rf.12a86f44ff77576cdabe8fe1d364a77c.jpg, 0, 1
22_jpg.rf.0e30210f4c4a856eb1876af2aa240e21.jpg, 1, 0
11-94-_jpg.rf.120faf00938d00a71afab6fb8be60a11.jpg, 1, 0
19_jpg.rf.1447ecc6a2f6f8b4b2a063b47294a467.jpg, 1, 0
62_jpg.rf.13251a483ca0da7febba9df08625b4f5.jpg, 1, 0
128_jpg.rf.1857634abc76aa4c501e4f715f8eeec0.jpg, 0, 1
05_jpg.rf.152eeb6cef65617a216934bdb79a2522.jpg, 0, 1
111_jpg.rf.169074d4c2593e8af4d7a1e49e99d3c9.jpg, 1, 0
11-64-_jpg.rf.1506332b79b0e229a8715cb1d0ddcc2a.jpg, 0, 1
94_jpg.rf.1a2b6fc572a9e66e5f58ebe8bf7f3588.jpg, 1, 0
123_jpg.rf.179da6a904383dccbc9eeaece1e77fb5.jpg, 1, 0
27_jpg.rf.166b25c8ff3dc0fbc5ca13f887c7e3ed.jpg, 1, 0
13_jpg.rf.17bdf8af8edf37c8f52d9b40b8952e10.jpg, 1, 0
11-7-_jpg.rf.1b1f12ce4342872767d8699be028f6b2.jpg, 1, 0
47_jpg.rf.1abd9db3a5864391ee729ee6e57c5515.jpg, 1, 0
11-28-_jpg.rf.128aedb5322970ea550257df33e92311.jpg, 1, 0
116_jpg.rf.182b52cba4a8c8fb129ae11509894c8e.jpg, 1, 0
112_jpg.rf.1af2128fd1977acb19840832b9d89ec3.jpg, 1, 0
11-90-_jpg.rf.1b30d87ed0832ab09d369cf7cf8ed9a2.jpg, 0, 1
127_jpg.rf.1a1bb889321cb2cc111d92b490a31fa8.jpg, 0, 1
11-17-_jpg.rf.1bbca38518b8087803348aa577bd820c.jpg, 0, 1
11-11-_jpg.rf.1714b6033963306d0cb1046a877c0184.jpg, 1, 0
113_jpg.rf.1ac9c2afbef7ee6a3c3ca8d170cc417c.jpg, 1, 0
122_jpg.rf.1579706faac39e51e40a903370d13078.jpg, 1, 0
114_jpg.rf.1583ba6ebc477247cb1b4b950356bfde.jpg, 1, 0
11-1-_jpg.rf.15fd7c9da1aeec24221760075ca25a06.jpg, 1, 1
87_jpg.rf.0d7a74ce0fb5f727bb274142acbdc440.jpg, 1, 0
48_jpg.rf.1bc382cadb282637faa9d564284fca6b.jpg, 1, 0
129_jpg.rf.1cb6bf58bd9f342e86ab6302f5bc073d.jpg, 0, 1
11-26-_jpg.rf.1cdea42dd948354a987dcfbe77a4ee64.jpg, 1, 0
11-19-_jpg.rf.1f1111ed6e4bbdb010fcf856786698d0.jpg, 0, 1
65_jpg.rf.204b71e450732d30f009b80cab8e1135.jpg, 1, 1
92_jpg.rf.1e344de3b2a53f8aae21378f10bb4543.jpg, 1, 0
10_jpg.rf.22bb0823e5e746a3d998ddf54a578f70.jpg, 1, 0
11-67-_jpg.rf.24efbd66969ab3576cd1902c14562abd.jpg, 0, 1
56_jpg.rf.1faf5bc4b19b246f38d7a42a14f7d9ab.jpg, 1, 0
111_jpg.rf.1ed44215e4bff88fb10eff44add1648d.jpg, 1, 0
11-39-_jpg.rf.1d548861d3aecd7b0b1b23dd2a7179fe.jpg, 1, 0
75_jpg.rf.212ab304474ff1147f6bea91d8cbe9d8.jpg, 0, 1
82_jpg.rf.25453006bdf8f71bd7c9a34a166b9461.jpg, 1, 0
132_jpg.rf.1fd901785fa8162858755e84c22505dd.jpg, 1, 0
21_jpg.rf.22004b718b0d1a5eb8f0f8ad39550d75.jpg, 1, 0
61_jpg.rf.2590448da625e8690c04f2b6a3451130.jpg, 1, 0
30_jpg.rf.1d1949af6426332804e248045bfd8734.jpg, 0, 1
85_jpg.rf.227153479db217c102641d97fa167f7e.jpg, 1, 0
11-47-_jpg.rf.2547b2177479195c490c8e3f2f583b03.jpg, 1, 0
64_jpg.rf.24b3ceada34e3fc74f6be26e5d1c4f13.jpg, 1, 0
44_jpg.rf.1e0494da00306b87611c9c220d3c4635.jpg, 1, 0
110_jpg.rf.25f98815616cd992dcb867c810fbeca8.jpg, 1, 0
53_jpg.rf.2622c26549cef87e3fcdec3bfa80be92.jpg, 0, 1
50_jpg.rf.0e2a5c012d4edef89954f7df5b4c20fb.jpg, 1, 1
11-14-_jpg.rf.2636dacaf45dbbc4d1becaa03f8807dd.jpg, 0, 1
125_jpg.rf.27de54f64c7f37328ac834501183e32b.jpg, 1, 0
122_jpg.rf.278b2506f027dde7895927311e0a2076.jpg, 1, 0
10_jpg.rf.283be78e8b30187ec2f57f4d3e97004a.jpg, 1, 0
124_jpg.rf.28b18debf43c5bdb578d3e5bfc55dbb9.jpg, 1, 0
117_jpg.rf.2a62799f97151e4dfc6720a5b9017360.jpg, 1, 0
11-50-_jpg.rf.2be16f6e5d7671e1e02c395db197ef32.jpg, 0, 1
11-91-_jpg.rf.28d014b977a66d592c34212f6bed04ad.jpg, 0, 1
11-38-_jpg.rf.2e08f2f9222df1d011f66dae54b907f1.jpg, 1, 0
11-49-_jpg.rf.30ca65eff893f2466ae7f0b8fd8e94a3.jpg, 0, 1
51_jpg.rf.3013eac787c37abab5120208db0aeae4.jpg, 0, 1
11-85-_jpg.rf.28f9b36cbc91bb29563dca9e734f92ed.jpg, 0, 1
21_jpg.rf.2c71e7fe9c48d0966b5f64ce9658e1ff.jpg, 1, 0
11-76-_jpg.rf.2bcccb68133e64930e5ecd7939f11747.jpg, 0, 1
27_jpg.rf.2a03489afaf03d6cd0428cdc534a297d.jpg, 1, 0
49_jpg.rf.2c47094595e70dfaf1d411dd059491fa.jpg, 0, 1
101_jpg.rf.2aeb3b2e126776e0e6a4a80735d10612.jpg, 1, 0
69_jpg.rf.31141799d0e06a176c0ddde9fb6eab03.jpg, 1, 0
11-44-_jpg.rf.2c64917c163f890ec12715258bc0457e.jpg, 1, 0
25_jpg.rf.2b84478a9d8159b4cab09114a60de4b2.jpg, 1, 0
17_jpg.rf.3137b26a955fc026b7a8ec6b286a3d63.jpg, 1, 0
94_jpg.rf.2eec780a3a0f41b4cd3a3b89e5d853cf.jpg, 1, 0
11-19-_jpg.rf.3147d92b1448dbcaae7cdbf402b66571.jpg, 0, 1
08_jpg.rf.2cbc2915c7d34a3ebe8ba9ab320eb68a.jpg, 1, 0
68_jpg.rf.30aa88eb2b5242e53ae5939a60af7b8c.jpg, 1, 0
35_jpg.rf.311b6401f95a2d228c5ae0e99a5b4660.jpg, 1, 0
67_jpg.rf.314482eebc5ae3709f982f514c9f87c3.jpg, 1, 0
17_jpg.rf.30a0d847fcc40fe1f610712853efc7b7.jpg, 1, 0
11-49-_jpg.rf.31da4aa36665c8fc12bd59751d3f1b38.jpg, 0, 1
24_jpg.rf.303e07e4f153a2098d471ba92e810e5e.jpg, 1, 0
57_jpg.rf.31e3bfc202e6c42de9a686c54bab39a5.jpg, 1, 0
11-79-_jpg.rf.31f741f8071f57c9d1609915d024b216.jpg, 0, 1
11-59-_jpg.rf.316bc37b9d138e353bbec94d315bbe3e.jpg, 0, 1
11-91-_jpg.rf.239e56632610a623b64741ad1d0de219.jpg, 0, 1
143_jpg.rf.3382f8a2a4a224c82e739bf9402ffb2b.jpg, 1, 0
144_jpg.rf.3428a83b2ed4d33cb8967d6d94fb546c.jpg, 1, 0
98_jpg.rf.33359426fcc24fd6a4dee8388da2d9b2.jpg, 1, 0
11-92-_jpg.rf.3940786a982232ba4c63d2d4ac686d77.jpg, 0, 1
11-52-_jpg.rf.33c9c70604b4e65346f25fdbc34477c9.jpg, 0, 1
37_jpg.rf.3741d85a899ac6db2a7caca6b51feb8a.jpg, 1, 0
34_jpg.rf.3828cb30aabbddd291c5f5e621e9f505.jpg, 1, 0
129_jpg.rf.35e93191f90e4c65112e70300437cee1.jpg, 0, 1
11-41-_jpg.rf.39e225366754b7d04674d350b6bcbbb1.jpg, 0, 1
125_jpg.rf.3778015e64d77026782df329c48678b3.jpg, 1, 0
37_jpg.rf.3883ca4b42a002e05c8953b021b9daf4.jpg, 1, 0
104_jpg.rf.37c2d538e567835c0f09e3849bf92b18.jpg, 1, 0
115_jpg.rf.3bf2bfce7c0ca5b23e110dc7db7e609e.jpg, 1, 0
96_jpg.rf.34c5d84b9253b99dfb6119db5a93a783.jpg, 1, 0
09_jpg.rf.3604fd62637e17b82d3b23ec56e418cc.jpg, 1, 0
11-40-_jpg.rf.38e0a3dc972a727b7e362155e6669b57.jpg, 1, 0
11-54-_jpg.rf.33d729528517d3cc3c82607100240d79.jpg, 0, 1
118_jpg.rf.3a59f27395b5599e266e772c59ac2aaf.jpg, 1, 0
11-86-_jpg.rf.3c060de231621064ed5de8b43d966a57.jpg, 0, 1
79_jpg.rf.33930aeba2c4f0b4dbe7f78a1841cd1e.jpg, 1, 0
55_jpg.rf.38fec2e2f1d8b0d69140db2853282f18.jpg, 0, 1
04_jpg.rf.3f52d84225a6a5a132ae406f8bca2a09.jpg, 1, 0
106_jpg.rf.3ce933f649cc47da5012179eefee3b04.jpg, 1, 0
38_jpg.rf.3fa38b772fccbde6846df9336dc32fe3.jpg, 1, 0
139_jpg.rf.3c252c6087b1d1f4fbc5c66763c23a62.jpg, 1, 0
95_jpg.rf.3cb9a88689af5769809d03623682ffae.jpg, 1, 0
11-89-_jpg.rf.345d840b105adfb3dcced348d42cd873.jpg, 0, 1
11-94-_jpg.rf.3851f6e8ce16d60ca2450096da0d65d6.jpg, 1, 0
92_jpg.rf.404e46ec460c815434ddfe0358b94393.jpg, 1, 0
96_jpg.rf.3fcab66d3d5aca829600c9254357f92d.jpg, 1, 0
66_jpg.rf.3abc9f8906e1c688037ba422006b3088.jpg, 1, 0
30_jpg.rf.40f4bee2f36ec0d98bd35f41d6197c64.jpg, 0, 1
11-15-_jpg.rf.468676a89044ebf6070867ff0db1bba1.jpg, 0, 1
11-7-_jpg.rf.43324eaecea5e7a2ae010306fc821402.jpg, 1, 0
11-26-_jpg.rf.4342b08b21f9b756e701d1a650cc91fc.jpg, 1, 0
131_jpg.rf.437be5094e45f9ebcc02ed7b06fb97e4.jpg, 1, 0
11-44-_jpg.rf.481dce849b14cde5aff5b3701a22cbcc.jpg, 1, 0
132_jpg.rf.4557c46f5e513f0da3567c4e0ead91de.jpg, 1, 0
78_jpg.rf.4b54e59063e2ee61840a716f6ce09075.jpg, 1, 0
42_jpg.rf.45a9af2d11e09ef33b251a24a434562d.jpg, 1, 0
18_jpg.rf.47c837b3791011351bf67dd6d3d0802f.jpg, 1, 0
131_jpg.rf.48723fc59c633b800a781dfac2ef6373.jpg, 1, 0
11-60-_jpg.rf.41b33026681b3a95a4994df82d74690e.jpg, 0, 1
91_jpg.rf.420128e356e62b69eab0bb8fd2ce2a30.jpg, 1, 0
83_jpg.rf.4dff796ac95386574bbc46036be13d24.jpg, 1, 0
11-88-_jpg.rf.50a89f8d68d742396f2d528869ddff7c.jpg, 0, 1
11-59-_jpg.rf.484d81ababb927a5091973cb21eb8500.jpg, 0, 1
41_jpg.rf.48403efd1527137f325391c292cf1a6a.jpg, 1, 0
116_jpg.rf.4c61378c057f2c95d2a167b05542a47e.jpg, 1, 0
11-64-_jpg.rf.5065b00a01afd5c0858e38bcf77d6be7.jpg, 0, 1
70_jpg.rf.4ff5114a6da5c7184676bd8f9f8df7b6.jpg, 1, 0
08_jpg.rf.430dec6e8227305c9535f4e4c70a543c.jpg, 1, 0
135_jpg.rf.533729e4d7efdd7d467e6bd4b4d7fe20.jpg, 1, 0
133_jpg.rf.5156907e97bb949754082d680dccf0d6.jpg, 1, 0
75_jpg.rf.4c28c4801cf99876b0c37d0ec6db9414.jpg, 0, 1
11-47-_jpg.rf.51b6def7050d76f434a46d803c94f2e2.jpg, 1, 0
11-27-_jpg.rf.455f05c818f01bc49a56f794c6654e1f.jpg, 0, 1
11-40-_jpg.rf.4fa56a55750bbd37a752917e6b19fec6.jpg, 1, 0
21_jpg.rf.53c882fcbbeccdd17b6087156b7c6fa6.jpg, 1, 0
09_jpg.rf.42bfaa10d15ed928cd9cb898a85eb772.jpg, 1, 0
136_jpg.rf.515984cd17e49bf5c237d49abd2e8e7b.jpg, 1, 0
119_jpg.rf.541482c4467b2e5e00545d310eff9f30.jpg, 1, 0
20_jpg.rf.548d5c50d6ddacb6e5aa48cbd198c7df.jpg, 1, 0
110_jpg.rf.54b2b58692a7b835bdad5d68a6b069bc.jpg, 1, 0
122_jpg.rf.556102d8c9401636edc1f70c042e63d4.jpg, 1, 0
11-85-_jpg.rf.58a77cc17a48f3e4d5d525803ff3eb63.jpg, 0, 1
11-2-_png.rf.56aa0e5397205049eb53fb21ae67acb7.jpg, 0, 1
62_jpg.rf.5a36d1088ab45b1c97a52354dbd1234d.jpg, 1, 0
46_jpg.rf.566541495b89585e9406e740cc445ff1.jpg, 1, 0
15_jpg.rf.58a88727c4d7eda29c1dc49e8f86c14d.jpg, 1, 0
64_jpg.rf.5855b22c356f814a7ff43afe9cf3ea5f.jpg, 1, 0
88_jpg.rf.57457903ab648026eebf011d0da2ee68.jpg, 1, 0
80_jpg.rf.583df2908c074653499c34ff0ac540fa.jpg, 1, 0
84_jpg.rf.554a49427412beff2a9bbea73522e49f.jpg, 1, 0
14_jpg.rf.5f46a40308afb74a4ecc6ea7574d9007.jpg, 1, 0
128_jpg.rf.597eaf4c9a26f0e50c95ce50f0fc680f.jpg, 0, 1
104_jpg.rf.5b2f855b1302b5c6ab0bf0bb253d7805.jpg, 1, 0
43_jpg.rf.5aaf533b9befd043f2aa0932c10d80f3.jpg, 1, 0
136_jpg.rf.5b259d3eab2b0a9eae51d8c30ec055d5.jpg, 1, 0
11-86-_jpg.rf.5ee155502249acf0430a6cafe01af0db.jpg, 0, 1
71_jpg.rf.58425faf466c1c33eecb1a409ef609bf.jpg, 0, 1
86_jpg.rf.5ff16fab1cded4278c9e7f5792940da8.jpg, 1, 0
126_jpg.rf.5b98fe60f4512ddacc3d902504035c0e.jpg, 0, 1
35_jpg.rf.5a380a57cc4eebe9392daa467827b834.jpg, 1, 0
11-55-_jpg.rf.6008cd962bf28d9c2c6efe99b72de892.jpg, 1, 0
50_jpg.rf.5f1751247bd7ef4b708e938dc6c550f6.jpg, 1, 1
11-57-_jpg.rf.5c0748d3e411451c579c03938fd3f56e.jpg, 0, 1
11-67-_jpg.rf.59ed46ae9af3c60db5c0eb347169ca8a.jpg, 0, 1
11-42-_jpg.rf.611fc4fbac0a13cb3577a39512c06fc4.jpg, 1, 0
11-52-_jpg.rf.6139f289cc305c98e19f7bf3a78f8350.jpg, 0, 1
11-62-_jpg.rf.616b2cbd59f7b9bfcf5836abc89f567b.jpg, 0, 1
11-78-_jpg.rf.60c945e676aa8514d0fbb7c8eb023a3f.jpg, 1, 0
42_jpg.rf.60b41938393ebf2a9ab76ef5ff956c64.jpg, 1, 0
101_jpg.rf.606d354c524a2c85a7d51e0dedfe002b.jpg, 1, 0
88_jpg.rf.61999ee9bb0363028ce20a2ae4efb2ad.jpg, 1, 0
11-54-_jpg.rf.68a0fcfe9010b05f2f5278fb93b35f0c.jpg, 0, 1
61_jpg.rf.65cdc003ff2b5a61602296dbf82ad5ab.jpg, 1, 0
64_jpg.rf.689aecbd3e45588de5ce405beed9122c.jpg, 1, 0
86_jpg.rf.6717cf02f9c47dff6d2bfd7cc7f3bb6a.jpg, 1, 0
54_jpg.rf.670a1e7e75e3678a25b1652328d474ad.jpg, 1, 1
26_jpg.rf.657ca7ba3da905ed22ccad1e070a01e1.jpg, 1, 0
102_jpg.rf.6aa61ad10dbc42fdf2208b7c843099ea.jpg, 1, 0
57_jpg.rf.65518185b5c5aabf53a76c55a0579148.jpg, 1, 0
136_jpg.rf.6a2b7de141d3f9717c09680143b023f0.jpg, 1, 0
36_jpg.rf.684d5de480b41d4087994e94d4ed49d4.jpg, 1, 0
109_jpg.rf.6a9278f91fe82ed6d08c1073a60620da.jpg, 1, 0
103_jpg.rf.6c43377d2e7e3a2e55a53da2dc0fc188.jpg, 1, 0
63_jpg.rf.6b647ecad1f4b4fefd6d8535243b3c24.jpg, 1, 0
63_jpg.rf.616603caf18e96a0c770de6b68c19130.jpg, 1, 0
112_jpg.rf.6dafb76b769d47023023c182961d11f7.jpg, 1, 0
11-43-_jpg.rf.67f7b963885301385eab1aaee576292f.jpg, 0, 1
18_jpg.rf.6d496959689b9df657460ccfb74d0642.jpg, 1, 0
69_jpg.rf.69962f2008f50608534ce31ad1e957d2.jpg, 1, 0
90_jpg.rf.66d6e727120c776fb55e0ee0e647379a.jpg, 1, 0
11-54-_jpg.rf.639636e387999ca85361f2eba60238d2.jpg, 0, 1
11-49-_jpg.rf.65037879535db062a1ebfcd8d5bc7268.jpg, 0, 1
11-90-_jpg.rf.66dfee2175768df9d5cae47b66c6ed8d.jpg, 0, 1
11-6-_jpg.rf.6d170755bd99b8b80ab56da959a56039.jpg, 1, 0
38_jpg.rf.6b1c2b206bcee4a3a1a2d820a47d2b7b.jpg, 1, 0
41_jpg.rf.6db01a879c47e3868c066e3989749b46.jpg, 1, 0
59_jpg.rf.61357fdc4ac91a762028237082c2f6e5.jpg, 1, 0
06_jpg.rf.7285d97dc64154f645713dd6adbae17b.jpg, 1, 0
108_jpg.rf.745ae8323222295994d89d9513490f80.jpg, 1, 0
11-31-_jpg.rf.762f2770df30c40164b0a03dfc71ac6f.jpg, 1, 0
11-6-_jpg.rf.757a56358356cafa8ffa3cd7f802dce2.jpg, 1, 0
80_jpg.rf.707077fbc9163c7be3eb2825d6a26439.jpg, 1, 0
124_jpg.rf.766ce706763147ac2011073d17b20188.jpg, 1, 0
11-38-_jpg.rf.6de77bc16a0ef003b7fbf820e46c2f73.jpg, 1, 0
11-61-_jpg.rf.6e85a9423771972c5ebbf31a6726d0db.jpg, 0, 1
43_jpg.rf.6ff2487f1299d22a97e4f6250ecd216a.jpg, 1, 0
09_jpg.rf.710bcdb94094e08ce79c348711721d11.jpg, 1, 0
20_jpg.rf.71b84694ca7a932e990d920b50936a26.jpg, 1, 0
22_jpg.rf.71c92c0b1edbb7b3f1fcdda03b2737b1.jpg, 1, 0
95_jpg.rf.73d8542e1b9fbe1c06e226b587a50ada.jpg, 1, 0
47_jpg.rf.76b9fafb3f2c9022c3605a97f2aa7754.jpg, 1, 0
105_jpg.rf.76dd1e31e087a670def96d2b137ae4ee.jpg, 1, 0
127_jpg.rf.7131efa90985ba694eef2520ad1d82b0.jpg, 0, 1
11-15-_jpg.rf.7085d01148d845cfab300d32b159e617.jpg, 0, 1
102_jpg.rf.6ed956e4c5efdf379ef3d2f9f744268c.jpg, 1, 0
07_jpg.rf.6e5eede6c35b97c7f7829419245de0b2.jpg, 1, 0
08_jpg.rf.7506124f0927c26bb9bdc53e1c952e7e.jpg, 1, 0
74_jpg.rf.73fa062fff07d78e66606001b466ee63.jpg, 0, 1
120_jpg.rf.70c95e918962ec1e1d5446060e483b49.jpg, 1, 0
139_jpg.rf.7141e664c1f3cebbe1f36e7a7c41a236.jpg, 1, 0
87_jpg.rf.72c45c5920e586bd8665e5a824c844a5.jpg, 1, 0
52_jpg.rf.788568fc446070e53cec0ff3a113418b.jpg, 0, 1
58_jpg.rf.72549efb537803ad13d88d342a00e229.jpg, 1, 0
11-78-_jpg.rf.77b58e5c3c5bdd76ec240eac5e73fa45.jpg, 1, 0
31_jpg.rf.79fddc226217be4f4d9be12c35aaae3d.jpg, 0, 1
90_jpg.rf.7bbed9e1229e4d1e6718b0f76a996a07.jpg, 1, 0
120_jpg.rf.7922bd3a8e43f0b048e03c447fe47072.jpg, 1, 0
138_jpg.rf.79942b30bb23cd73f5eecfa978ac48fe.jpg, 1, 0
93_jpg.rf.795a9540d895e7ea9fa71dd466859b68.jpg, 1, 0
11-19-_jpg.rf.7b66353a3e9910a66aef68a47d567ea5.jpg, 0, 1
35_jpg.rf.78714b38ff1b750cdb6c7ba586d48912.jpg, 1, 0
74_jpg.rf.7a1169a34d7cb43a69720f50edbf6601.jpg, 0, 1
11-76-_jpg.rf.7b9edc47977cf9e6d389886f16efefd8.jpg, 0, 1
79_jpg.rf.7a9163b459acaf7f574eff63cd7919c5.jpg, 1, 0
118_jpg.rf.7c755335ef84ae3ac8d93455fabfa150.jpg, 1, 0
11-31-_jpg.rf.7b8b0b19532685fc5bebb2365d36f133.jpg, 1, 0
61_jpg.rf.7b60e6ab2a9b9c8f489c014826ab836d.jpg, 1, 0
11-11-_jpg.rf.7b73f1a3f0d601a38c00bd3b0d54e0be.jpg, 1, 0
25_jpg.rf.7c04b9a3a415c0302e3dde1a809566a3.jpg, 1, 0
50_jpg.rf.7b5f1ff5c13091979b9bbce9b1d60a58.jpg, 1, 1
32_jpg.rf.7c8b79d19ca3b5a6b4ed76ccf6a105b2.jpg, 1, 0
55_jpg.rf.7ddacadbde198cbb3be470962f25ee65.jpg, 0, 1
105_jpg.rf.81ce1e6d05006485fd675318c51b7212.jpg, 1, 0
11-41-_jpg.rf.81be1b83cfddba7af5e02462bdeaa938.jpg, 0, 1
11-78-_jpg.rf.7cb4a5d6db57dbaffb5e8f90cf707f2c.jpg, 1, 0
11-64-_jpg.rf.807d38d6e9f7f13e8945fe2569457f6a.jpg, 0, 1
100_jpg.rf.7d0c7ff2a769d48aa6d1254d4b1ff76e.jpg, 1, 0
78_jpg.rf.800d9fc6928b1562fd94345b19809e34.jpg, 1, 0
91_jpg.rf.82a6c73193a902b9eeeaa1a23cff451b.jpg, 1, 0
11-1-_png.rf.7e9fcc34b38596a65d7028bf15fae226.jpg, 0, 1
44_jpg.rf.83e106113967e5eb6263e7d2923f5830.jpg, 1, 0
11-40-_jpg.rf.8462d50c24e17708138ace4b26a35fa4.jpg, 1, 0
117_jpg.rf.876163614036b2b3e204dd46583e4e32.jpg, 1, 0
11-39-_jpg.rf.86fea3dc9690039d2b0cd509e33a8a1d.jpg, 1, 0
11-22-_jpg.rf.853388a4c066a65dd5722bce1e93f595.jpg, 1, 1
51_jpg.rf.84f9b3eb3c71b0bf857b7ee34b3fe710.jpg, 0, 1
11-20-_jpg.rf.863fc75576144006c1b12efece6bbd35.jpg, 1, 0
07_jpg.rf.8691b61b1586ca07e0161cb459a1d539.jpg, 1, 0
06_jpg.rf.87fa9af396f67eb4bed1a48d4dddd504.jpg, 1, 0
11-1-_jpg.rf.8a900786e4b7c02201e7c9e9f6b3bbea.jpg, 1, 1
11-73-_jpg.rf.8b403b4128d789091b480b106c82925a.jpg, 0, 1
11-73-_jpg.rf.87dc468280b953ef39ccb85df2f5e87e.jpg, 0, 1
112_jpg.rf.899b7c6d7d02f2c7d5386ceb9dbebff4.jpg, 1, 0
27_jpg.rf.88fffb1888cc949399c42c3839ea493b.jpg, 1, 0
28_jpg.rf.89fad825a950a9e7b887db47bf5bab3a.jpg, 1, 0
137_jpg.rf.83a950838e12dbcc7fc934f17691102b.jpg, 1, 0
46_jpg.rf.89943ecfb5187a4cc4de30eef68391ba.jpg, 1, 0
11-16-_jpg.rf.88b7362a7f287aed1689e7e82d6b4a74.jpg, 0, 1
92_jpg.rf.889a69672dba7d3bca00c804346830ad.jpg, 1, 0
106_jpg.rf.8ba9fb5ac6694cc57c1ee1597073dbc5.jpg, 1, 0
141_jpg.rf.8a6c686473f2cedc979de8a5f7e28488.jpg, 1, 0
04_jpg.rf.8b08190bce44bb193b16030f5368d1ba.jpg, 1, 0
102_jpg.rf.8722871e826c405cfffa0ed14991a9c5.jpg, 1, 0
89_jpg.rf.89ea5992acd0117bad62accad6c95154.jpg, 1, 0
11-92-_jpg.rf.8d53a35562730a639ba2b331ec550cda.jpg, 0, 1
11-62-_jpg.rf.8ee70631daa251fd4ef33189ff353094.jpg, 0, 1
11-16-_jpg.rf.8cb49901d37e5fea7ceb7731f7c2d1fc.jpg, 0, 1
46_jpg.rf.8dcca44637b47945f584965fc4f0028c.jpg, 1, 0
11-26-_jpg.rf.8e93500fa0c5fbd9e8ddee3d480a2021.jpg, 1, 0
49_jpg.rf.8ce780631f6d9ed1d4c945eb59f98602.jpg, 0, 1
66_jpg.rf.8db207b5e75b2b84284ad49f2e5e2a6f.jpg, 1, 0
90_jpg.rf.8ebc12942de86ddb264d2924e1a148c1.jpg, 1, 0
11-44-_jpg.rf.8f1fd1d459285d9df9e4f772fbcacf37.jpg, 1, 0
11-12-_jpg.rf.8d177e19ac2716389c198405be05415e.jpg, 0, 1
62_jpg.rf.8d6ca7a1c176d468975691d9f39f71cc.jpg, 1, 0
11-94-_jpg.rf.96d11f0988e06b88c821fc9a49e29ba7.jpg, 1, 0
11-12-_jpg.rf.9815bd146e9711181b366fb52cbcdf39.jpg, 0, 1
128_jpg.rf.973aaa14fb5de1b471474f3a6ff8e226.jpg, 0, 1
56_jpg.rf.94f0d07232c7f4217ee2a65d9547c9e1.jpg, 1, 0
130_jpg.rf.9142f3754bf6e443f1db8ac31ef1a7ea.jpg, 0, 1
23_jpg.rf.983487e5b3ff4d6df96d43e87052b8ae.jpg, 1, 0
84_jpg.rf.95f5a05c2cd40431692388cce4b0e7c5.jpg, 1, 0
06_jpg.rf.9bcbc70f61eb77fba54b1eff3c06cd17.jpg, 1, 0
11-30-_jpg.rf.9c5951893b6c6dce9ad790690a7793f5.jpg, 1, 0
99_jpg.rf.99fc7e37ba64cc5305d68f1990921408.jpg, 1, 0
05_jpg.rf.9bd05671baf3734f212e15fb897faf66.jpg, 0, 1
82_jpg.rf.9b3e8456ca999502ba5d84a3d69a1261.jpg, 1, 0
29_jpg.rf.8f65a5f09a53dc4cdb800a4134ad9234.jpg, 0, 1
73_jpg.rf.91cf142a6e903c47c36f2397cb3e5c51.jpg, 0, 1
83_jpg.rf.994a89d069cf6125b1a50421e2547e78.jpg, 1, 0
11-89-_jpg.rf.97a3e1a52395cc8bdaea584e32be499c.jpg, 0, 1
114_jpg.rf.9b62a2ed47f6e600f1c8ffc3cfe62edf.jpg, 1, 0
11-73-_jpg.rf.9b33236a8ea72884bded27f35503e5a3.jpg, 0, 1
31_jpg.rf.931b1488dc727fe1a68b309637cffea1.jpg, 0, 1
11-20-_jpg.rf.99e111b8bec963e603da11e8608d6a61.jpg, 1, 0
73_jpg.rf.98829dd03f0511f5f2872d5605a7b3b1.jpg, 0, 1
04_jpg.rf.9a04e273379f97a1150ee04f4c5b60db.jpg, 1, 0
39_jpg.rf.902349b53dab402264c0998493fddb21.jpg, 1, 0
115_jpg.rf.92d8c256f4082a8163c596a422758b79.jpg, 1, 0
123_jpg.rf.91d778ba3c1f7cadf4c9016935f26ab2.jpg, 1, 0
110_jpg.rf.9c863c503aa4c60e185dba1657d938a7.jpg, 1, 0
11-86-_jpg.rf.9e44afcb259d30a10eab92896baa17dc.jpg, 0, 1
11-22-_jpg.rf.9dd26fb9f475316718439e086759f7c4.jpg, 1, 1
53_jpg.rf.9d5fc6d99ab0f789a41f94bf71f2c579.jpg, 0, 1
14_jpg.rf.a3ef97fa1190ba9b21004e371aadfe54.jpg, 1, 0
76_jpg.rf.a47ed40def60ff1872d11c7a7c8814aa.jpg, 1, 1
118_jpg.rf.9ffdca9050737c90b62305ec6baa6091.jpg, 1, 0
11-4-_jpg.rf.a19aec1923153258453b4bd38ea1db28.jpg, 0, 1
140_jpg.rf.9f919ee6d503a904b2c435dd81c30f80.jpg, 1, 0
37_jpg.rf.a0f2b0b68993bfcaf235a87cd92e2caf.jpg, 1, 0
11-34-_jpg.rf.a03317b31ffd95ef801a7e9f504b3bdd.jpg, 1, 0
32_jpg.rf.a51d684f863047133f7fd6d27db241dd.jpg, 1, 0
11-17-_jpg.rf.a3e09411c80aba644a1137ca51aee3d0.jpg, 0, 1
11-38-_jpg.rf.a6c9a6b59528443b0e158411d7202d3a.jpg, 1, 0
07_jpg.rf.a1500f0455b043e2eefb2dddb564f31b.jpg, 1, 0
11-28-_jpg.rf.a1a82d2dee43cbd2743df95059730ec8.jpg, 1, 0
12_jpg.rf.a549fea75d1f594d76482800770f0579.jpg, 1, 0
13_jpg.rf.9ecc43fda8ae4cc613c7eca91686d32e.jpg, 1, 0
121_jpg.rf.9ea62a7c8be8ee9712fe1f69307e90bd.jpg, 1, 0
11-41-_jpg.rf.9e07b2b5e25fd78094cd0f3e1e145ac4.jpg, 0, 1
11-28-_jpg.rf.a10711dcf8ca0d383b2dc17fc859d07e.jpg, 1, 0
11-79-_jpg.rf.a065404db74922dc97a1b906f6c56036.jpg, 0, 1
77_jpg.rf.a5af57aa8223231eb1376b7608765c46.jpg, 1, 0
24_jpg.rf.9f106b029a944755de29bcdefb836a4c.jpg, 1, 0
11-27-_jpg.rf.a85b347bceadc0a9b048ad4edb194fd9.jpg, 0, 1
11-50-_jpg.rf.9fc1dc4154c165c50914c7dc1aebbbf4.jpg, 0, 1
123_jpg.rf.a6febb22da9a8e0310a864c5f102fab0.jpg, 1, 0
81_jpg.rf.a99104cb21797fc15e4499d9073965eb.jpg, 1, 0
103_jpg.rf.a7297c155066b4a5bfdd1ae1f8047db4.jpg, 1, 0
11-39-_jpg.rf.a448f7e5eb212a9deba1756e0632f71c.jpg, 1, 0
11-20-_jpg.rf.a96b8f63f775d7ca89a2ba0b89034cf0.jpg, 1, 0
109_jpg.rf.a6f474c3d1295f1677e3e7c75d566235.jpg, 1, 0
93_jpg.rf.a9c288ce2520280461aa6bd67a7fb187.jpg, 1, 0
76_jpg.rf.a9894d48d4ef9b98c07b5c176e3488dc.jpg, 1, 1
11-83-_jpg.rf.ab39528932d7ad28290cae0c52b66462.jpg, 0, 1
11-45-_jpg.rf.aaec6edfd7c8094d1b49b9c8969ce46f.jpg, 1, 0
11-72-_jpg.rf.abcdc56388f359f1390b3e6a5b9222bc.jpg, 1, 0
40_jpg.rf.ac8ccfc6f6d9a6f55225139597a48348.jpg, 1, 0
89_jpg.rf.a8f5098cdbe56adc2af1a5e73a07f90f.jpg, 1, 0
107_jpg.rf.aa372d69298826c0949a1dfea7467e9c.jpg, 1, 0
130_jpg.rf.ad1bea0bf14c1411dbd74658e7c5b751.jpg, 0, 1
137_jpg.rf.ac930f8e8e63d5b4630ef882d442743f.jpg, 1, 0
36_jpg.rf.aba1ee2c182fbe4887466ae1d38d251f.jpg, 1, 0
87_jpg.rf.adcce8bfe437b9cce766a9634742ce58.jpg, 1, 0
140_jpg.rf.aac2f6bfdff075e865e8cdc34e8ccfb2.jpg, 1, 0
144_jpg.rf.abbfc88506c5410753a8c9d4bb8f93e7.jpg, 1, 0
32_jpg.rf.ac65b8b91f7c9c348e53af73e3cd3a7a.jpg, 1, 0
24_jpg.rf.afa0bdd532722d48dc3d4f7f4391ace7.jpg, 1, 0
17_jpg.rf.aeb0e137c538713a2b853f1c6a617215.jpg, 1, 0
135_jpg.rf.b01796c536b9b049870710569588bb28.jpg, 1, 0
73_jpg.rf.af585ecf9a7d4905e5dbe0f5023611d1.jpg, 0, 1
11-91-_jpg.rf.adefb5e4819279ea495dcbe2f5934224.jpg, 0, 1
131_jpg.rf.ae2ff881c283d08a0a7503357e73caa1.jpg, 1, 0
11-45-_jpg.rf.b0cfe345f56bf43e184248d2f3735596.jpg, 1, 0
11-50-_jpg.rf.afe9bee5e890e77ef2ae10c806627124.jpg, 0, 1
11-2-_png.rf.b18c260042e7a939906a0b1cea28efce.jpg, 0, 1
11-60-_jpg.rf.af2b25d36e9a6a4feca0798913cfe445.jpg, 0, 1
55_jpg.rf.b16f620c58d8fa90433f7a358d9624ac.jpg, 0, 1
11-14-_jpg.rf.b1f803a2ae963c03d05da977211b69ce.jpg, 0, 1
11-80-_jpg.rf.b2c07601d1f99fbf14e3aee1f85e0154.jpg, 0, 1
11-42-_jpg.rf.b3f5b2d16f270fe137d578c952c5525f.jpg, 1, 0
11-59-_jpg.rf.b2e6875e2b8b5d3d6ec85c2ea5426510.jpg, 0, 1
106_jpg.rf.b6188b613c67ff938f29b67203a5dfd8.jpg, 1, 0
11-34-_jpg.rf.b3d57b790a1dcc79d793cefbaf894bf8.jpg, 1, 0
52_jpg.rf.b6b1ca3b3112f9c013c0020ea5d00a2b.jpg, 0, 1
11-74-_jpg.rf.b6728a0971c9c6245fa923748debb6f7.jpg, 0, 1
11-2-_png.rf.b116c5c398b3a531b47e123fac92637a.jpg, 0, 1
11-22-_jpg.rf.b4af342f2d8dc1f8a833a8255e525d41.jpg, 1, 1
47_jpg.rf.b015ce62c2a7ea71e65c321d69794c4e.jpg, 1, 0
11-11-_jpg.rf.b1a2addf63078785840b8f02033cf830.jpg, 1, 0
72_jpg.rf.b8792a642200441482a00552dfcd2a98.jpg, 0, 1
99_jpg.rf.b6886653ac511388a9f4f10942c367cb.jpg, 1, 0
104_jpg.rf.b893111db656f863affd3183675561f8.jpg, 1, 0
28_jpg.rf.b909040492ec3716c404a761c5e702e8.jpg, 1, 0
144_jpg.rf.b6b30e1c60da35f10c81b5736d8c2976.jpg, 1, 0
71_jpg.rf.b9667606efef54894d25ed0365058242.jpg, 0, 1
68_jpg.rf.b684d5fd5d437bfe2af9f4e43b4572e4.jpg, 1, 0
11-89-_jpg.rf.b9446c6ff680dbebbe05fcf76de5272c.jpg, 0, 1
44_jpg.rf.ba06b1509c18f08b7bb18f45f10df220.jpg, 1, 0
45_jpg.rf.ba4b7d73dfa25b1c3cca157c435b4e64.jpg, 1, 0
70_jpg.rf.bbae388344eaf17df735d217836369fa.jpg, 1, 0
91_jpg.rf.ba929722f84b571ceaadef5d8b524851.jpg, 1, 0
18_jpg.rf.b990b4b0fa7f9a714a2b262903a3fd1c.jpg, 1, 0
11-31-_jpg.rf.bb0a36f99bb183b09433d0d4118c916e.jpg, 1, 0
133_jpg.rf.bd063099ce65c12165c61a757de6a8d8.jpg, 1, 0
141_jpg.rf.be6e339f51480f21b9d6be386150675b.jpg, 1, 0
19_jpg.rf.be59716d4913e01aaf57dcc0ad4634c5.jpg, 1, 0
97_jpg.rf.bd3058f1cc8db1b2a9dead8e0268f858.jpg, 1, 0
78_jpg.rf.be2d37cee98552666aa03592c4b3b193.jpg, 1, 0
138_jpg.rf.bf4bcb3212b0045c601b5e73c52e14ef.jpg, 1, 0
23_jpg.rf.bc97602873778057f5a75d5fe3148f3c.jpg, 1, 0
103_jpg.rf.bdac390eb7b3f7831d49e1c76337ccc8.jpg, 1, 0
11-53-_jpg.rf.bfe2713672b5927a177fdf4d0f487d76.jpg, 0, 1
58_jpg.rf.c180a0d3bfbac2afa37c52438f6d8900.jpg, 1, 0
11-74-_jpg.rf.c0b644c4c0f4f0e67539440405546e25.jpg, 0, 1
11-16-_jpg.rf.c228bc8fd045250bef656e903c4a1e54.jpg, 0, 1
11-58-_jpg.rf.c2b10d7438169476b991b00f317327f5.jpg, 0, 1
11-58-_jpg.rf.c06687452c82f47f10e3735933cc064b.jpg, 0, 1
56_jpg.rf.b5efbb1e5dd4472bef11b314e6eb8c24.jpg, 1, 0
67_jpg.rf.be05494a63c7bb62486ba73859f97981.jpg, 1, 0
26_jpg.rf.c32391e89f20cd3a13b22c3608bee87c.jpg, 1, 0
11-57-_jpg.rf.c2df2871fc6d73fb1e6855b25567479d.jpg, 0, 1
54_jpg.rf.c26a79f0573e1ce50d23002583840f4d.jpg, 1, 1
41_jpg.rf.c4e9eabf05ba23161d55f275d95a0f2f.jpg, 1, 0
53_jpg.rf.c55c69f4691370f3ae629079eef9a499.jpg, 0, 1
11-69-_jpg.rf.c71fe60d89f952cbc6376ea4d15f0c92.jpg, 1, 0
108_jpg.rf.c5dc50e7254eb8a1dd032c490f7b3f0f.jpg, 1, 0
98_jpg.rf.c7b2d8641b66e8439cc4ad33a2c77455.jpg, 1, 0
12_jpg.rf.c98eb6d01956220504f0621f605ae7b4.jpg, 1, 0
11-79-_jpg.rf.c75a87eb806566a475fe026972ee56db.jpg, 0, 1
23_jpg.rf.c99d42d36e9d3acab15a84ef0efbd328.jpg, 1, 0
14_jpg.rf.ca191779e4a92ba56401dc4d20d5e61f.jpg, 1, 0
65_jpg.rf.c69d5f6fa19dbcd71a6a5161116fa4ee.jpg, 1, 1
11-57-_jpg.rf.caa1631c4eda3618c2ecfc01408bbd77.jpg, 0, 1
11-83-_jpg.rf.ca6ee1ad7f0fbc10b13fefbec065f338.jpg, 0, 1
109_jpg.rf.c3df0f6a869d6e31a0fef8fa09fc2987.jpg, 1, 0
51_jpg.rf.cab5ab02f6df4ecd12c5e152bd6e6efe.jpg, 0, 1
11-45-_jpg.rf.ca25ba0227f15b6941cc9527c801e0c2.jpg, 1, 0
11-10-_jpg.rf.ca5b297de61911630abb4938d6dd3ba8.jpg, 1, 0
11-47-_jpg.rf.ca3244b8166d22efaac5619dbd7ce90c.jpg, 1, 0
99_jpg.rf.ca7ed9546fcb13ad44c4530dcd812ee8.jpg, 1, 0
11-10-_jpg.rf.c8434cdc4be0cd81da3cbc1eb98bac22.jpg, 1, 0
60_jpg.rf.cba1d9cf42d0dd1a99082964976083b1.jpg, 1, 1
121_jpg.rf.c9566cebeec3998f0f0a076553ce4973.jpg, 1, 0
11-72-_jpg.rf.ce23c30aaa01e1790165ce313b31f950.jpg, 1, 0
11-7-_jpg.rf.cc81598d110d6df8dc9e8cdfe0fbb4ad.jpg, 1, 0
15_jpg.rf.d05367871b9cbf7babe707009850f615.jpg, 1, 0
11-1-_png.rf.cb4552420727ef66b62b130a95739831.jpg, 0, 1
25_jpg.rf.cb2a24640fd7d166028e6a35879fd8bc.jpg, 1, 0
113_jpg.rf.d02545e8795b55f32a5f7dd73267923e.jpg, 1, 0
43_jpg.rf.d0d601ba1eafe8305bbeefb7d7994486.jpg, 1, 0
129_jpg.rf.d0fc4490dc32b8c34c5680d116fd8c59.jpg, 0, 1
11_jpg.rf.cba5eb33a4264d8b639553fa64103353.jpg, 1, 0
11-80-_jpg.rf.cdb431bf89760401c89e2c52c42ba63f.jpg, 0, 1
135_jpg.rf.d11197c6d24d69f3de2caf19cae1a5f9.jpg, 1, 0
84_jpg.rf.c7d6b6daff5f6b00ccb2f4aef82b7065.jpg, 1, 0
97_jpg.rf.c74d71c57a225805ebb40640fbcf58ee.jpg, 1, 0